Nr;TotalArea;Area;DeltaArea;DeltaMolecules;Pressure;Tension;Mode;Time;Temp;Potential;Radioactivity;area_mols
1;16400.0;3588.0;-8003.52;-2.2198;0.37304;71.727;2;0.67;23.3821;-2499.47;0.0;3588.0
2;16331.1;3572.95;-14885.3;-4.12847;0.373492;71.7265;2;1.24;23.384;-2499.47;0.0;3572.95
3;16267.2;3558.95;-21280.7;-5.90226;0.373689;71.7263;2;1.77;23.3829;-2499.46;0.0;3558.96
4;16207.7;3545.95;-27227.1;-7.55153;0.374015;71.726;2;2.26;23.3825;-2499.47;0.0;3545.95
5;16153.5;3534.08;-32650.2;-9.05563;0.374084;71.7259;2;2.71;23.3814;-2499.48;0.0;3534.08
6;16102.6;3522.95;-37736.5;-10.4663;0.374248;71.7258;2;3.13;23.3821;-2499.49;0.0;3522.95
7;16055.5;3512.64;-42449.0;-11.7734;0.374457;71.7255;2;3.52;23.3825;-2499.48;0.0;3512.64
8;16012.1;3503.15;-46787.3;-12.9766;0.374759;71.7252;2;3.88;23.3817;-2499.47;0.0;3503.15
9;15972.1;3494.4;-50789.2;-14.0865;0.375141;71.7249;2;4.21;23.3825;-2499.46;0.0;3494.4
10;15933.2;3485.89;-54678.8;-15.1653;0.375455;71.7245;2;4.53;23.384;-2499.46;0.0;3485.89
11;15896.9;3477.95;-58306.6;-16.1715;0.376453;71.7235;2;4.83;23.3852;-2499.47;0.0;3477.95
12;15864.4;3470.83;-61560.4;-17.074;0.377613;71.7224;2;5.1;23.3844;-2499.47;0.0;3470.83
13;15831.9;3463.71;-64814.3;-17.9764;0.379005;71.721;2;5.37;23.3852;-2499.46;0.0;3463.71
14;15801.6;3457.08;-67843.7;-18.8166;0.380422;71.7196;2;5.62;23.3844;-2499.46;0.0;3457.08
15;15773.9;3451.03;-70611.2;-19.5842;0.382009;71.718;2;5.85;23.3844;-2499.46;0.0;3451.03
16;15745.8;3444.89;-73416.2;-20.3622;0.383901;71.7161;2;6.08;23.3837;-2499.45;0.0;3444.89
17;15719.3;3439.08;-76071.7;-21.0987;0.386071;71.7139;2;6.3;23.3852;-2499.44;0.0;3439.08
18;15692.7;3433.27;-78727.0;-21.8352;0.388276;71.7117;2;6.52;23.3871;-2499.42;0.0;3433.27
19;15666.2;3427.46;-81382.4;-22.5717;0.390284;71.7097;2;6.74;23.389;-2499.43;0.0;3427.46
20;15639.6;3421.65;-84037.9;-23.3082;0.39264;71.7074;2;6.96;23.3901;-2499.43;0.0;3421.65
21;15613.1;3415.84;-86693.3;-24.0446;0.394961;71.705;2;7.18;23.3909;-2499.44;0.0;3415.84
22;15586.1;3409.95;-89385.9;-24.7915;0.397224;71.7028;2;7.4;23.389;-2499.43;0.0;3409.95
23;15558.5;3403.9;-92153.5;-25.5591;0.399498;71.7005;2;7.63;23.3909;-2499.44;0.0;3403.9
24;15531.9;3398.09;-94809.0;-26.2956;0.401761;71.6982;2;7.85;23.3909;-2499.45;0.0;3398.09
25;15505.4;3392.28;-97464.4;-27.032;0.403885;71.6961;2;8.07;23.3886;-2499.45;0.0;3392.28
26;15478.8;3386.47;-100120.0;-27.7685;0.405903;71.6941;2;8.29;23.3882;-2499.45;0.0;3386.47
27;15452.2;3380.66;-102775.0;-28.505;0.408294;71.6917;2;8.51;23.3878;-2499.44;0.0;3380.66
28;15425.7;3374.85;-105431.0;-29.2415;0.410882;71.6891;2;8.73;23.3875;-2499.46;0.0;3374.85
29;15399.1;3369.04;-108086.0;-29.978;0.413446;71.6866;2;8.95;23.3863;-2499.47;0.0;3369.04
30;15372.6;3363.23;-110741.0;-30.7145;0.416184;71.6838;2;9.18;23.3852;-2499.46;0.0;3363.23
31;15344.9;3357.18;-113509.0;-31.4821;0.419121;71.6809;2;9.4;23.384;-2499.45;0.0;3357.18
32;15318.4;3351.37;-116164.0;-32.2186;0.422125;71.6779;2;9.62;23.3844;-2499.46;0.0;3351.37
33;15291.8;3345.56;-118820.0;-32.955;0.425063;71.6749;2;9.84;23.3844;-2499.46;0.0;3345.56
34;15265.2;3339.75;-121475.0;-33.6915;0.428207;71.6718;2;10.06;23.3859;-2499.46;0.0;3339.75
35;15238.7;3333.94;-124131.0;-34.428;0.431351;71.6686;2;10.28;23.3867;-2499.47;0.0;3333.94
36;15212.1;3328.13;-126786.0;-35.1645;0.43445;71.6656;2;10.5;23.3897;-2499.47;0.0;3328.13
37;15185.6;3322.32;-129441.0;-35.901;0.437421;71.6626;2;10.72;23.3901;-2499.47;0.0;3322.32
38;15157.9;3316.26;-132209.0;-36.6686;0.440436;71.6596;2;10.95;23.3924;-2499.48;0.0;3316.26
39;15131.0;3310.37;-134902.0;-37.4154;0.443478;71.6565;2;11.17;23.3928;-2499.48;0.0;3310.37
40;15104.8;3304.65;-137520.0;-38.1415;0.446413;71.6536;2;11.39;23.3905;-2499.47;0.0;3304.65
41;15077.9;3298.75;-140213.0;-38.8884;0.449234;71.6508;2;11.61;23.3913;-2499.46;0.0;3298.75
42;15051.7;3293.03;-142831.0;-39.6145;0.452367;71.6476;2;11.83;23.392;-2499.46;0.0;3293.03
43;15025.1;3287.22;-145486.0;-40.351;0.455603;71.6444;2;12.05;23.392;-2499.46;0.0;3287.22
44;14998.6;3281.41;-148141.0;-41.0875;0.458726;71.6413;2;12.27;23.3928;-2499.47;0.0;3281.41
45;14970.5;3275.27;-150946.0;-41.8654;0.461906;71.6381;2;12.5;23.3932;-2499.47;0.0;3275.27
46;14944.0;3269.46;-153602.0;-42.6019;0.465573;71.6344;2;12.72;23.3924;-2499.47;0.0;3269.46
47;14917.4;3263.65;-156257.0;-43.3384;0.469031;71.631;2;12.94;23.3924;-2499.46;0.0;3263.65
48;14890.9;3257.84;-158913.0;-44.0749;0.472315;71.6277;2;13.16;23.394;-2499.46;0.0;3257.84
49;14864.7;3252.11;-161531.0;-44.801;0.47641;71.6236;2;13.38;23.3947;-2499.45;0.0;3252.11
50;14837.8;3246.22;-164223.0;-45.5479;0.479927;71.6201;2;13.6;23.3955;-2499.44;0.0;3246.22
51;14811.6;3240.5;-166841.0;-46.274;0.483744;71.6163;2;13.82;23.3955;-2499.45;0.0;3240.5
52;14783.5;3234.36;-169646.0;-47.0519;0.487515;71.6125;2;14.05;23.3958;-2499.44;0.0;3234.36
53;14757.0;3228.55;-172302.0;-47.7884;0.491936;71.6081;2;14.27;23.3962;-2499.44;0.0;3228.55
54;14730.4;3222.74;-174957.0;-48.5249;0.495952;71.604;2;14.49;23.3966;-2499.43;0.0;3222.74
55;14703.9;3216.93;-177613.0;-49.2614;0.500082;71.5999;2;14.71;23.397;-2499.44;0.0;3216.93
56;14677.3;3211.12;-180268.0;-49.9979;0.504353;71.5956;2;14.93;23.3985;-2499.45;0.0;3211.12
57;14650.8;3205.31;-182923.0;-50.7343;0.508531;71.5915;2;15.15;23.3989;-2499.47;0.0;3205.31
58;14624.2;3199.5;-185579.0;-51.4709;0.512916;71.5871;2;15.37;23.3993;-2499.48;0.0;3199.5
59;14596.5;3193.45;-188346.0;-52.2385;0.517037;71.583;2;15.6;23.3993;-2499.47;0.0;3193.45
60;14570.0;3187.64;-191002.0;-52.9749;0.521433;71.5786;2;15.82;23.3993;-2499.47;0.0;3187.64
61;14543.4;3181.83;-193657.0;-53.7114;0.525542;71.5745;2;16.04;23.4004;-2499.49;0.0;3181.83
62;14516.9;3176.02;-196313.0;-54.4479;0.529998;71.57;2;16.26;23.4012;-2499.47;0.0;3176.02
63;14490.3;3170.21;-198968.0;-55.1844;0.533886;71.5661;2;16.48;23.4019;-2499.47;0.0;3170.21
64;14463.8;3164.4;-201623.0;-55.9209;0.53825;71.5618;2;16.7;23.4023;-2499.46;0.0;3164.4
65;14437.2;3158.59;-204279.0;-56.6573;0.542658;71.5573;2;16.93;23.4031;-2499.46;0.0;3158.59
66;14409.5;3152.53;-207046.0;-57.4249;0.546976;71.553;2;17.15;23.4031;-2499.45;0.0;3152.53
67;14383.0;3146.73;-209702.0;-58.1614;0.551525;71.5485;2;17.37;23.4027;-2499.45;0.0;3146.73
68;14356.4;3140.92;-212357.0;-58.8979;0.556166;71.5438;2;17.59;23.4039;-2499.45;0.0;3140.92
69;14329.9;3135.11;-215013.0;-59.6344;0.560981;71.539;2;17.81;23.4039;-2499.46;0.0;3135.11
70;14303.3;3129.3;-217668.0;-60.3709;0.565763;71.5342;2;18.03;23.4058;-2499.47;0.0;3129.3
71;14276.4;3123.41;-220361.0;-61.1177;0.570867;71.5291;2;18.25;23.4054;-2499.47;0.0;3123.41
72;14249.8;3117.6;-223016.0;-61.8542;0.575939;71.5241;2;18.47;23.4058;-2499.47;0.0;3117.6
73;14222.2;3111.54;-225784.0;-62.6218;0.581091;71.5189;2;18.7;23.4065;-2499.47;0.0;3111.54
74;14195.6;3105.73;-228439.0;-63.3583;0.586301;71.5137;2;18.92;23.4065;-2499.47;0.0;3105.73
75;14169.1;3099.92;-231095.0;-64.0948;0.591501;71.5085;2;19.14;23.4073;-2499.47;0.0;3099.92
76;14142.5;3094.11;-233750.0;-64.8313;0.596629;71.5034;2;19.36;23.4081;-2499.48;0.0;3094.11
77;14115.6;3088.22;-236443.0;-65.5781;0.601653;71.4983;2;19.58;23.4081;-2499.48;0.0;3088.22
78;14089.0;3082.41;-239098.0;-66.3146;0.606886;71.4931;2;19.8;23.4065;-2499.47;0.0;3082.41
79;14062.5;3076.6;-241754.0;-67.0511;0.61205;71.4879;2;20.02;23.4069;-2499.48;0.0;3076.6
80;14034.8;3070.55;-244521.0;-67.8187;0.617355;71.4826;2;20.25;23.4069;-2499.47;0.0;3070.55
81;14008.2;3064.74;-247177.0;-68.5552;0.622728;71.4773;2;20.47;23.4069;-2499.48;0.0;3064.74
82;13981.3;3058.85;-249869.0;-69.302;0.628159;71.4718;2;20.69;23.4073;-2499.48;0.0;3058.85
83;13954.8;3053.04;-252525.0;-70.0385;0.633658;71.4663;2;20.91;23.4081;-2499.47;0.0;3053.04
84;13928.6;3047.31;-255143.0;-70.7646;0.639159;71.4608;2;21.13;23.4088;-2499.48;0.0;3047.31
85;13901.6;3041.42;-257836.0;-71.5115;0.64488;71.4551;2;21.35;23.4081;-2499.49;0.0;3041.42
86;13875.5;3035.69;-260454.0;-72.2376;0.650484;71.4495;2;21.57;23.4081;-2499.5;0.0;3035.69
87;13847.4;3029.55;-263259.0;-73.0156;0.656368;71.4436;2;21.8;23.4092;-2499.5;0.0;3029.55
88;13820.9;3023.74;-265914.0;-73.7521;0.662228;71.4378;2;22.02;23.41;-2499.49;0.0;3023.74
89;13766.6;3011.88;-271337.0;-75.2561;0.668203;71.4318;2;22.47;23.4118;-2499.47;0.0;3011.88
90;13739.0;3005.82;-274105.0;-76.0237;0.674216;71.4258;2;22.7;23.413;-2499.48;0.0;3005.82
91;13711.3;2999.77;-276872.0;-76.7913;0.680504;71.4195;2;22.93;23.4149;-2499.49;0.0;2999.77
92;13683.2;2993.63;-279677.0;-77.5693;0.686852;71.4131;2;23.16;23.4145;-2499.48;0.0;2993.63
93;13654.4;2987.33;-282557.0;-78.368;0.693292;71.4067;2;23.4;23.4141;-2499.48;0.0;2987.33
94;13626.8;2981.28;-285325.0;-79.1356;0.699987;71.4;2;23.63;23.4149;-2499.49;0.0;2981.28
95;13598.7;2975.14;-288130.0;-79.9136;0.706567;71.3934;2;23.86;23.4157;-2499.48;0.0;2975.14
96;13571.0;2969.08;-290897.0;-80.6812;0.713136;71.3869;2;24.09;23.4157;-2499.5;0.0;2969.08
97;13543.4;2963.03;-293665.0;-81.4488;0.719783;71.3802;2;24.32;23.4164;-2499.5;0.0;2963.03
98;13515.7;2956.97;-296432.0;-82.2164;0.72634;71.3737;2;24.55;23.4168;-2499.49;0.0;2956.97
99;13488.0;2950.92;-299200.0;-82.984;0.732909;71.3671;2;24.78;23.4168;-2499.49;0.0;2950.92
100;13458.8;2944.54;-302117.0;-83.7931;0.739604;71.3604;2;25.02;23.4183;-2499.49;0.0;2944.54
101;13431.2;2938.48;-304885.0;-84.5607;0.746334;71.3537;2;25.25;23.4191;-2499.5;0.0;2938.48
102;13374.3;2926.05;-310570.0;-86.1374;0.753052;71.3469;2;25.72;23.4206;-2499.48;0.0;2926.05
103;13345.5;2919.75;-313449.0;-86.9361;0.760004;71.34;2;25.96;23.4199;-2499.48;0.0;2919.74
104;13315.2;2913.12;-316479.0;-87.7763;0.766874;71.3331;2;26.21;23.421;-2499.47;0.0;2913.12
105;13286.4;2906.82;-319359.0;-88.5751;0.773871;71.3261;2;26.45;23.421;-2499.48;0.0;2906.82
106;13257.2;2900.43;-322276.0;-89.3842;0.780903;71.3191;2;26.69;23.4222;-2499.47;0.0;2900.43
107;13228.4;2894.13;-325156.0;-90.1829;0.788192;71.3118;2;26.93;23.4214;-2499.47;0.0;2894.13
108;13198.1;2887.51;-328185.0;-91.0231;0.795212;71.3048;2;27.18;23.4225;-2499.45;0.0;2887.51
109;13169.4;2881.21;-331065.0;-91.8218;0.802579;71.2974;2;27.42;23.4222;-2499.44;0.0;2881.21
110;13140.2;2874.82;-333982.0;-92.6309;0.809937;71.2901;2;27.66;23.4218;-2499.43;0.0;2874.82
111;13111.0;2868.44;-336899.0;-93.44;0.817444;71.2826;2;27.9;23.4252;-2499.44;0.0;2868.44
112;13081.1;2861.9;-339891.0;-94.2699;0.824859;71.2751;2;28.15;23.4252;-2499.43;0.0;2861.9
113;13051.9;2855.51;-342808.0;-95.0789;0.832531;71.2675;2;28.39;23.4256;-2499.43;0.0;2855.51
114;13022.7;2849.13;-345726.0;-95.888;0.840188;71.2598;2;28.63;23.4244;-2499.43;0.0;2849.13
115;12993.9;2842.83;-348605.0;-96.6868;0.847999;71.252;2;28.87;23.4241;-2499.43;0.0;2842.83
116;12963.7;2836.2;-351635.0;-97.527;0.855994;71.244;2;29.12;23.4241;-2499.44;0.0;2836.2
117;12934.5;2829.82;-354552.0;-98.3361;0.864198;71.2358;2;29.36;23.4248;-2499.45;0.0;2829.82
118;12905.7;2823.52;-357432.0;-99.1348;0.872482;71.2275;2;29.6;23.4252;-2499.43;0.0;2823.52
119;12876.5;2817.14;-360349.0;-99.9439;0.880955;71.219;2;29.84;23.4252;-2499.43;0.0;2817.14
120;12846.2;2810.51;-363378.0;-100.784;0.88961;71.2104;2;30.09;23.4244;-2499.44;0.0;2810.51
121;12817.4;2804.21;-366258.0;-101.583;0.898453;71.2015;2;30.33;23.4244;-2499.44;0.0;2804.21
122;12788.2;2797.83;-369175.0;-102.392;0.907284;71.1927;2;30.57;23.4263;-2499.44;0.0;2797.83
123;12759.4;2791.53;-372055.0;-103.191;0.916116;71.1839;2;30.81;23.4263;-2499.46;0.0;2791.53
124;12729.2;2784.9;-375085.0;-104.031;0.925165;71.1748;2;31.06;23.4267;-2499.46;0.0;2784.9
125;12700.0;2778.52;-378002.0;-104.84;0.934218;71.1658;2;31.3;23.4294;-2499.47;0.0;2778.52
126;12671.2;2772.22;-380882.0;-105.639;0.943363;71.1566;2;31.54;23.4302;-2499.48;0.0;2772.22
127;12642.0;2765.83;-383799.0;-106.448;0.952367;71.1476;2;31.78;23.4317;-2499.48;0.0;2765.83
128;12611.7;2759.21;-386828.0;-107.288;0.961683;71.1383;2;32.03;23.4305;-2499.5;0.0;2759.21
129;12582.5;2752.82;-389745.0;-108.097;0.971189;71.1288;2;32.27;23.429;-2499.51;0.0;2752.82
130;12553.7;2746.52;-392625.0;-108.896;0.980657;71.1193;2;32.51;23.4302;-2499.52;0.0;2746.52
131;12524.6;2740.14;-395542.0;-109.705;0.990173;71.1098;2;32.75;23.4305;-2499.52;0.0;2740.14
132;12494.3;2733.51;-398572.0;-110.545;1.00012;71.0999;2;33.0;23.4324;-2499.53;0.0;2733.51
133;12435.2;2720.58;-404481.0;-112.184;1.01004;71.09;2;33.49;23.4313;-2499.52;0.0;2720.59
134;12403.8;2713.71;-407623.0;-113.055;1.01991;71.0801;2;33.75;23.4321;-2499.52;0.0;2713.71
135;12375.0;2707.41;-410502.0;-113.854;1.02973;71.0703;2;33.99;23.4321;-2499.52;0.0;2707.41
136;12345.8;2701.03;-413420.0;-114.663;1.03968;71.0603;2;34.23;23.4313;-2499.51;0.0;2701.03
137;12317.0;2694.73;-416299.0;-115.462;1.04976;71.0502;2;34.47;23.4302;-2499.49;0.0;2694.73
138;12287.8;2688.35;-419217.0;-116.271;1.05986;71.0401;2;34.72;23.4305;-2499.49;0.0;2688.35
139;12257.9;2681.8;-422209.0;-117.101;1.06991;71.0301;2;34.96;23.4294;-2499.48;0.0;2681.8
140;12228.7;2675.42;-425126.0;-117.91;1.08003;71.02;2;35.2;23.4294;-2499.46;0.0;2675.42
141;12199.9;2669.12;-428006.0;-118.709;1.09037;71.0096;2;35.44;23.429;-2499.46;0.0;2669.12
142;12170.8;2662.74;-430923.0;-119.518;1.10062;70.9994;2;35.68;23.4294;-2499.45;0.0;2662.74
143;12142.0;2656.43;-433803.0;-120.316;1.11102;70.989;2;35.92;23.4302;-2499.47;0.0;2656.43
144;12113.2;2650.13;-436682.0;-121.115;1.12184;70.9782;2;36.16;23.4298;-2499.47;0.0;2650.13
145;12082.9;2643.51;-439712.0;-121.955;1.13287;70.9671;2;36.41;23.429;-2499.48;0.0;2643.51
146;12054.1;2637.21;-442592.0;-122.754;1.14394;70.9561;2;36.65;23.429;-2499.48;0.0;2637.21
147;12024.9;2630.82;-445509.0;-123.563;1.15542;70.9446;2;36.89;23.4309;-2499.46;0.0;2630.82
148;11996.1;2624.52;-448389.0;-124.362;1.16722;70.9328;2;37.13;23.4294;-2499.45;0.0;2624.52
149;11966.9;2618.14;-451306.0;-125.171;1.17916;70.9208;2;37.37;23.4286;-2499.46;0.0;2618.14
150;11938.1;2611.84;-454186.0;-125.97;1.19125;70.9088;2;37.61;23.429;-2499.45;0.0;2611.84
151;11909.3;2605.54;-457065.0;-126.768;1.20377;70.8962;2;37.85;23.4283;-2499.47;0.0;2605.54
152;11879.1;2598.91;-460095.0;-127.609;1.21615;70.8838;2;38.1;23.4298;-2499.49;0.0;2598.91
153;11849.9;2592.53;-463012.0;-128.418;1.22968;70.8703;2;38.34;23.4324;-2499.47;0.0;2592.53
154;11820.7;2586.15;-465929.0;-129.227;1.24373;70.8563;2;38.58;23.4332;-2499.48;0.0;2586.15
155;11791.9;2579.85;-468809.0;-130.026;1.25556;70.8444;2;38.82;23.4351;-2499.48;0.0;2579.85
156;11762.7;2573.47;-471726.0;-130.835;1.27083;70.8292;2;39.06;23.4359;-2499.47;0.0;2573.47
157;11733.9;2567.16;-474606.0;-131.633;1.28286;70.8171;2;39.3;23.4351;-2499.49;0.0;2567.16
158;11703.6;2560.54;-477635.0;-132.474;1.29552;70.8045;2;39.55;23.4355;-2499.5;0.0;2560.54
159;11674.5;2554.15;-480553.0;-133.283;1.30938;70.7906;2;39.79;23.4366;-2499.5;0.0;2554.15
160;11645.7;2547.85;-483432.0;-134.081;1.32318;70.7768;2;40.03;23.4378;-2499.5;0.0;2547.85
161;11616.5;2541.47;-486350.0;-134.891;1.33624;70.7638;2;40.27;23.4389;-2499.5;0.0;2541.47
162;11587.3;2535.09;-489267.0;-135.7;1.34987;70.7501;2;40.51;23.4385;-2499.48;0.0;2535.09
163;11558.5;2528.79;-492147.0;-136.498;1.36426;70.7357;2;40.75;23.4393;-2499.49;0.0;2528.79
164;11497.9;2515.53;-498205.0;-138.179;1.37746;70.7225;2;41.25;23.4378;-2499.49;0.0;2515.53
165;11469.1;2509.23;-501085.0;-138.977;1.39189;70.7081;2;41.49;23.4393;-2499.49;0.0;2509.23
166;11440.0;2502.85;-504002.0;-139.787;1.40616;70.6938;2;41.73;23.4382;-2499.49;0.0;2502.85
167;11410.8;2496.47;-506920.0;-140.596;1.42084;70.6792;2;41.97;23.4374;-2499.47;0.0;2496.47
168;11382.0;2490.17;-509799.0;-141.394;1.4345;70.6655;2;42.21;23.4382;-2499.47;0.0;2490.17
169;11352.8;2483.79;-512717.0;-142.204;1.44909;70.6509;2;42.45;23.4412;-2499.48;0.0;2483.79
170;11324.0;2477.49;-515597.0;-143.002;1.46388;70.6361;2;42.69;23.4404;-2499.47;0.0;2477.49
171;11294.9;2471.1;-518514.0;-143.811;1.47877;70.6212;2;42.93;23.4412;-2499.46;0.0;2471.1
172;11266.1;2464.8;-521393.0;-144.61;1.49369;70.6063;2;43.17;23.442;-2499.46;0.0;2464.8
173;11236.9;2458.42;-524311.0;-145.419;1.50898;70.591;2;43.41;23.442;-2499.46;0.0;2458.42
174;11208.1;2452.12;-527190.0;-146.218;1.52468;70.5753;2;43.65;23.4427;-2499.45;0.0;2452.12
175;11178.9;2445.74;-530108.0;-147.027;1.54008;70.5599;2;43.89;23.4439;-2499.44;0.0;2445.74
176;11150.1;2439.44;-532987.0;-147.826;1.55589;70.5441;2;44.13;23.4431;-2499.43;0.0;2439.44
177;11121.3;2433.14;-535867.0;-148.624;1.5719;70.5281;2;44.37;23.4424;-2499.44;0.0;2433.14
178;11091.0;2426.51;-538897.0;-149.465;1.58803;70.512;2;44.62;23.4439;-2499.44;0.0;2426.51
179;11061.9;2420.13;-541814.0;-150.274;1.604;70.496;2;44.86;23.4435;-2499.45;0.0;2420.13
180;11033.1;2413.83;-544694.0;-151.072;1.62028;70.4797;2;45.1;23.4443;-2499.46;0.0;2413.83
181;11004.3;2407.53;-547573.0;-151.871;1.63687;70.4631;2;45.34;23.4435;-2499.47;0.0;2407.53
182;10975.1;2401.14;-550491.0;-152.68;1.65338;70.4466;2;45.58;23.4443;-2499.45;0.0;2401.14
183;10946.3;2394.84;-553370.0;-153.479;1.6702;70.4298;2;45.82;23.445;-2499.47;0.0;2394.84
184;10917.1;2388.46;-556288.0;-154.288;1.68734;70.4127;2;46.06;23.4439;-2499.47;0.0;2388.46
185;10888.3;2382.16;-559168.0;-155.087;1.70491;70.3951;2;46.3;23.445;-2499.49;0.0;2382.16
186;10859.5;2375.86;-562047.0;-155.885;1.72257;70.3774;2;46.54;23.4473;-2499.49;0.0;2375.86
187;10830.4;2369.48;-564964.0;-156.695;1.74067;70.3593;2;46.78;23.4477;-2499.48;0.0;2369.48
188;10801.6;2363.18;-567844.0;-157.493;1.75894;70.3411;2;47.02;23.4469;-2499.47;0.0;2363.18
189;10772.4;2356.79;-570762.0;-158.302;1.77757;70.3224;2;47.26;23.4473;-2499.46;0.0;2356.79
190;10743.6;2350.49;-573641.0;-159.101;1.79628;70.3037;2;47.5;23.4481;-2499.47;0.0;2350.49
191;10684.1;2337.48;-579588.0;-160.75;1.81517;70.2848;2;47.99;23.4477;-2499.47;0.0;2337.48
192;10653.1;2330.69;-582692.0;-161.611;1.83439;70.2656;2;48.25;23.4446;-2499.45;0.0;2330.69
193;10622.8;2324.07;-585722.0;-162.452;1.85382;70.2462;2;48.5;23.4446;-2499.46;0.0;2324.06
194;10594.0;2317.76;-588601.0;-163.25;1.8734;70.2266;2;48.74;23.4465;-2499.45;0.0;2317.76
195;10565.9;2311.63;-591406.0;-164.028;1.89317;70.2068;2;48.97;23.4465;-2499.45;0.0;2311.63
196;10537.1;2305.33;-594286.0;-164.827;1.91336;70.1866;2;49.21;23.4454;-2499.46;0.0;2305.33
197;10508.0;2298.95;-597203.0;-165.636;1.93362;70.1664;2;49.45;23.4465;-2499.46;0.0;2298.95
198;10479.2;2292.64;-600083.0;-166.435;1.95418;70.1458;2;49.69;23.4481;-2499.45;0.0;2292.64
199;10450.0;2286.26;-603000.0;-167.244;1.97524;70.1248;2;49.93;23.4485;-2499.47;0.0;2286.26
200;10421.2;2279.96;-605880.0;-168.043;1.9964;70.1036;2;50.17;23.4488;-2499.47;0.0;2279.96
201;10393.1;2273.82;-608685.0;-168.821;2.01774;70.0823;2;50.4;23.4504;-2499.48;0.0;2273.82
202;10364.4;2267.52;-611565.0;-169.619;2.03937;70.0606;2;50.64;23.4496;-2499.5;0.0;2267.52
203;10335.2;2261.14;-614482.0;-170.428;2.06125;70.0387;2;50.88;23.4515;-2499.49;0.0;2261.14
204;10306.0;2254.76;-617399.0;-171.238;2.0832;70.0168;2;51.12;23.4526;-2499.48;0.0;2254.76
205;10277.2;2248.46;-620279.0;-172.036;2.10545;69.9946;2;51.36;23.4534;-2499.47;0.0;2248.46
206;10248.0;2242.08;-623196.0;-172.845;2.12789;69.9721;2;51.6;23.4519;-2499.46;0.0;2242.08
207;10219.2;2235.78;-626076.0;-173.644;2.15064;69.9494;2;51.84;23.4546;-2499.46;0.0;2235.78
208;10191.2;2229.64;-628881.0;-174.422;2.17361;69.9264;2;52.07;23.4549;-2499.48;0.0;2229.64
209;10162.4;2223.34;-631761.0;-175.221;2.19716;69.9028;2;52.31;23.4553;-2499.5;0.0;2223.34
210;10133.2;2216.96;-634678.0;-176.03;2.22074;69.8793;2;52.55;23.4546;-2499.51;0.0;2216.96
211;10104.0;2210.58;-637595.0;-176.839;2.24459;69.8554;2;52.79;23.4546;-2499.51;0.0;2210.57
212;10075.3;2204.27;-640475.0;-177.638;2.26869;69.8313;2;53.03;23.4546;-2499.51;0.0;2204.27
213;10046.1;2197.89;-643392.0;-178.447;2.29275;69.8073;2;53.27;23.4565;-2499.52;0.0;2197.89
214;10017.3;2191.59;-646272.0;-179.245;2.31709;69.7829;2;53.51;23.4583;-2499.52;0.0;2191.59
215;9959.31;2178.91;-652069.0;-180.853;2.34188;69.7581;2;53.99;23.4599;-2499.52;0.0;2178.91
216;9929.02;2172.28;-655098.0;-181.694;2.36695;69.733;2;54.24;23.4614;-2499.51;0.0;2172.28
217;9897.6;2165.41;-658240.0;-182.565;2.39215;69.7078;2;54.5;23.4614;-2499.52;0.0;2165.41
218;9869.92;2159.35;-661008.0;-183.332;2.41783;69.6822;2;54.73;23.4625;-2499.51;0.0;2159.35
219;9840.75;2152.97;-663925.0;-184.142;2.4437;69.6563;2;54.97;23.4629;-2499.51;0.0;2152.97
220;9811.95;2146.67;-666805.0;-184.94;2.46982;69.6302;2;55.21;23.4629;-2499.49;0.0;2146.67
221;9783.16;2140.37;-669684.0;-185.739;2.49643;69.6036;2;55.45;23.4629;-2499.47;0.0;2140.37
222;9755.11;2134.23;-672489.0;-186.517;2.52345;69.5765;2;55.68;23.4625;-2499.47;0.0;2134.23
223;9726.31;2127.93;-675369.0;-187.316;2.5507;69.5493;2;55.92;23.461;-2499.47;0.0;2127.93
224;9697.14;2121.55;-678286.0;-188.125;2.57856;69.5214;2;56.16;23.4599;-2499.46;0.0;2121.55
225;9668.34;2115.25;-681166.0;-188.924;2.60675;69.4933;2;56.4;23.461;-2499.46;0.0;2115.25
226;9640.66;2109.19;-683934.0;-189.691;2.63498;69.465;2;56.63;23.461;-2499.47;0.0;2109.2
227;9611.49;2102.81;-686851.0;-190.5;2.6636;69.4364;2;56.87;23.4625;-2499.47;0.0;2102.81
228;9582.69;2096.51;-689731.0;-191.299;2.69257;69.4074;2;57.11;23.4622;-2499.47;0.0;2096.51
229;9553.89;2090.21;-692611.0;-192.098;2.7214;69.3786;2;57.35;23.4618;-2499.49;0.0;2090.21
230;9525.84;2084.07;-695416.0;-192.876;2.75078;69.3492;2;57.58;23.4622;-2499.49;0.0;2084.07
231;9497.05;2077.77;-698295.0;-193.674;2.78025;69.3197;2;57.82;23.4629;-2499.49;0.0;2077.77
232;9467.87;2071.39;-701213.0;-194.483;2.81003;69.29;2;58.06;23.4625;-2499.48;0.0;2071.39
233;9439.08;2065.09;-704092.0;-195.282;2.8401;69.2599;2;58.3;23.4648;-2499.48;0.0;2065.09
234;9411.4;2059.04;-706860.0;-196.05;2.87085;69.2292;2;58.53;23.4664;-2499.47;0.0;2059.04
235;9382.23;2052.65;-709777.0;-196.859;2.90161;69.1984;2;58.77;23.4667;-2499.47;0.0;2052.65
236;9353.43;2046.35;-712657.0;-197.658;2.93271;69.1673;2;59.01;23.4664;-2499.47;0.0;2046.35
237;9295.46;2033.67;-718454.0;-199.265;2.96427;69.1357;2;59.5;23.466;-2499.47;0.0;2033.67
238;9265.17;2027.04;-721483.0;-200.106;2.99603;69.104;2;59.74;23.4648;-2499.47;0.0;2027.04
239;9235.25;2020.5;-724475.0;-200.935;3.02796;69.072;2;59.99;23.466;-2499.47;0.0;2020.5
240;9204.95;2013.87;-727505.0;-201.776;3.06033;69.0397;2;60.24;23.4644;-2499.47;0.0;2013.87
241;9174.66;2007.24;-730534.0;-202.616;3.09288;69.0071;2;60.49;23.4648;-2499.45;0.0;2007.24
242;9144.36;2000.61;-733564.0;-203.456;3.12545;68.9745;2;60.74;23.466;-2499.45;0.0;2000.61
243;9114.44;1994.07;-736556.0;-204.286;3.15832;68.9417;2;60.99;23.4667;-2499.44;0.0;1994.07
244;9084.15;1987.44;-739585.0;-205.126;3.19167;68.9083;2;61.24;23.4679;-2499.46;0.0;1987.44
245;9053.86;1980.81;-742614.0;-205.966;3.22512;68.8749;2;61.49;23.4698;-2499.47;0.0;1980.81
246;9023.56;1974.19;-745644.0;-206.807;3.25923;68.8408;2;61.74;23.4702;-2499.47;0.0;1974.19
247;8993.27;1967.56;-748673.0;-207.647;3.29359;68.8064;2;61.99;23.4713;-2499.45;0.0;1967.56
248;8962.97;1960.93;-751703.0;-208.487;3.32847;68.7715;2;62.24;23.4721;-2499.45;0.0;1960.93
249;8933.05;1954.38;-754695.0;-209.317;3.36379;68.7362;2;62.49;23.4728;-2499.45;0.0;1954.38
250;8902.76;1947.76;-757724.0;-210.157;3.39968;68.7003;2;62.74;23.4713;-2499.44;0.0;1947.76
251;8872.47;1941.13;-760753.0;-210.997;3.4355;68.6645;2;62.99;23.4721;-2499.45;0.0;1941.13
252;8842.17;1934.5;-763783.0;-211.837;3.47195;68.628;2;63.24;23.4721;-2499.45;0.0;1934.5
253;8811.88;1927.87;-766812.0;-212.678;3.50867;68.5913;2;63.49;23.4713;-2499.47;0.0;1927.87
254;8781.58;1921.24;-769842.0;-213.518;3.54564;68.5544;2;63.74;23.4706;-2499.47;0.0;1921.24
255;8751.66;1914.7;-772834.0;-214.348;3.58255;68.5174;2;63.99;23.4698;-2499.48;0.0;1914.7
256;8721.37;1908.07;-775863.0;-215.188;3.62022;68.4798;2;64.24;23.4717;-2499.49;0.0;1908.07
257;8691.08;1901.44;-778892.0;-216.028;3.65793;68.4421;2;64.49;23.4721;-2499.48;0.0;1901.44
258;8660.78;1894.82;-781922.0;-216.868;3.69591;68.4041;2;64.74;23.4725;-2499.49;0.0;1894.82
259;8630.49;1888.19;-784951.0;-217.709;3.73441;68.3656;2;64.99;23.4713;-2499.49;0.0;1888.19
260;8600.19;1881.56;-787981.0;-218.549;3.77354;68.3265;2;65.24;23.4713;-2499.48;0.0;1881.56
261;8571.4;1875.26;-790860.0;-219.348;3.81304;68.287;2;65.48;23.4702;-2499.49;0.0;1875.26
262;8541.1;1868.63;-793890.0;-220.188;3.85312;68.2469;2;65.73;23.4694;-2499.48;0.0;1868.63
263;8510.81;1862.0;-796919.0;-221.028;3.8935;68.2065;2;65.98;23.4679;-2499.49;0.0;1862.0
264;8480.89;1855.46;-799911.0;-221.858;3.93427;68.1657;2;66.23;23.4702;-2499.48;0.0;1855.46
265;8450.59;1848.83;-802941.0;-222.698;3.97559;68.1244;2;66.48;23.4706;-2499.49;0.0;1848.83
266;8420.3;1842.2;-805970.0;-223.538;4.01714;68.0829;2;66.73;23.4721;-2499.48;0.0;1842.2
267;8390.01;1835.57;-808999.0;-224.378;4.05878;68.0412;2;66.98;23.4728;-2499.47;0.0;1835.57
268;8360.09;1829.03;-811991.0;-225.208;4.10091;67.9991;2;67.23;23.4736;-2499.49;0.0;1829.03
269;8329.79;1822.4;-815021.0;-226.048;4.14337;67.9566;2;67.48;23.4736;-2499.47;0.0;1822.4
270;8299.87;1815.86;-818013.0;-226.878;4.18568;67.9143;2;67.73;23.4751;-2499.47;0.0;1815.86
271;8269.58;1809.23;-821042.0;-227.719;4.22879;67.8712;2;67.98;23.4748;-2499.47;0.0;1809.23
272;8239.28;1802.6;-824072.0;-228.559;4.27235;67.8277;2;68.23;23.4755;-2499.46;0.0;1802.6
273;8208.99;1795.97;-827101.0;-229.399;4.31629;67.7837;2;68.48;23.4766;-2499.46;0.0;1795.97
274;8179.07;1789.43;-830093.0;-230.229;4.3607;67.7393;2;68.73;23.4774;-2499.47;0.0;1789.43
275;8148.78;1782.8;-833122.0;-231.069;4.40609;67.6939;2;68.98;23.4774;-2499.49;0.0;1782.8
276;8118.48;1776.17;-836152.0;-231.909;4.45166;67.6483;2;69.23;23.4755;-2499.48;0.0;1776.17
277;8088.56;1769.62;-839144.0;-232.739;4.4979;67.6021;2;69.48;23.4748;-2499.49;0.0;1769.62
278;8058.27;1763.0;-842173.0;-233.579;4.54483;67.5552;2;69.73;23.4748;-2499.47;0.0;1763.0
279;8027.97;1756.37;-845203.0;-234.419;4.59203;67.508;2;69.98;23.474;-2499.47;0.0;1756.37
280;7998.05;1749.82;-848195.0;-235.249;4.63955;67.4604;2;70.23;23.474;-2499.47;0.0;1749.82
281;7967.76;1743.2;-851224.0;-236.09;4.68782;67.4122;2;70.48;23.474;-2499.47;0.0;1743.2
282;7937.47;1736.57;-854253.0;-236.93;4.73636;67.3636;2;70.73;23.4744;-2499.46;0.0;1736.57
283;7907.55;1730.02;-857245.0;-237.76;4.78536;67.3146;2;70.98;23.4744;-2499.46;0.0;1730.02
284;7878.37;1723.64;-860163.0;-238.569;4.83461;67.2654;2;71.22;23.4774;-2499.46;0.0;1723.64
285;7848.45;1717.09;-863155.0;-239.399;4.88478;67.2152;2;71.47;23.477;-2499.48;0.0;1717.09
286;7818.16;1710.47;-866184.0;-240.239;4.93539;67.1646;2;71.72;23.4782;-2499.47;0.0;1710.47
287;7787.87;1703.84;-869213.0;-241.079;4.9874;67.1126;2;71.97;23.4793;-2499.48;0.0;1703.84
288;7757.57;1697.21;-872243.0;-241.919;5.03995;67.06;2;72.22;23.4797;-2499.49;0.0;1697.21
289;7727.28;1690.58;-875272.0;-242.759;5.09356;67.0064;2;72.47;23.4797;-2499.49;0.0;1690.58
290;7696.98;1683.96;-878302.0;-243.6;5.14805;66.952;2;72.72;23.4774;-2499.49;0.0;1683.95
291;7666.69;1677.33;-881331.0;-244.44;5.20355;66.8965;2;72.97;23.477;-2499.5;0.0;1677.33
292;7636.77;1670.78;-884323.0;-245.27;5.25914;66.8409;2;73.22;23.4759;-2499.51;0.0;1670.78
293;7606.48;1664.15;-887352.0;-246.11;5.31582;66.7842;2;73.47;23.4766;-2499.52;0.0;1664.15
294;7576.18;1657.53;-890382.0;-246.95;5.37326;66.7267;2;73.72;23.4801;-2499.52;0.0;1657.53
295;7545.89;1650.9;-893411.0;-247.79;5.43106;66.6689;2;73.97;23.4793;-2499.53;0.0;1650.9
296;7515.59;1644.27;-896441.0;-248.631;5.48945;66.6105;2;74.22;23.4793;-2499.52;0.0;1644.27
297;7485.3;1637.64;-899470.0;-249.471;5.54914;66.5509;2;74.47;23.4808;-2499.52;0.0;1637.64
298;7455.38;1631.1;-902462.0;-250.301;5.60929;66.4907;2;74.72;23.4801;-2499.52;0.0;1631.1
299;7425.09;1624.47;-905491.0;-251.141;5.67011;66.4299;2;74.97;23.4827;-2499.52;0.0;1624.47
300;7394.79;1617.84;-908521.0;-251.981;5.73227;66.3677;2;75.22;23.4824;-2499.54;0.0;1617.84
301;7364.5;1611.21;-911550.0;-252.821;5.79542;66.3046;2;75.47;23.4835;-2499.53;0.0;1611.21
302;7334.58;1604.67;-914542.0;-253.651;5.85945;66.2405;2;75.72;23.4839;-2499.53;0.0;1604.67
303;7304.28;1598.04;-917572.0;-254.491;5.92469;66.1753;2;75.97;23.4843;-2499.53;0.0;1598.04
304;7273.99;1591.41;-920601.0;-255.331;5.99105;66.1089;2;76.22;23.4847;-2499.52;0.0;1591.41
305;7244.07;1584.87;-923593.0;-256.161;6.05823;66.0418;2;76.47;23.4847;-2499.52;0.0;1584.87
306;7213.78;1578.24;-926622.0;-257.002;6.1267;65.9733;2;76.72;23.4835;-2499.51;0.0;1578.24
307;7184.98;1571.94;-929502.0;-257.8;6.19605;65.9039;2;76.96;23.4827;-2499.5;0.0;1571.94
308;7154.68;1565.31;-932532.0;-258.64;6.2665;65.8335;2;77.21;23.4827;-2499.51;0.0;1565.31
309;7124.39;1558.68;-935561.0;-259.481;6.33831;65.7617;2;77.46;23.4831;-2499.5;0.0;1558.68
310;7094.1;1552.05;-938590.0;-260.321;6.41115;65.6889;2;77.71;23.4835;-2499.5;0.0;1552.05
311;7064.18;1545.51;-941582.0;-261.151;6.48504;65.615;2;77.96;23.485;-2499.51;0.0;1545.51
312;7033.88;1538.88;-944612.0;-261.991;6.5601;65.5399;2;78.21;23.4847;-2499.51;0.0;1538.88
313;7003.96;1532.33;-947604.0;-262.821;6.63681;65.4632;2;78.46;23.4858;-2499.52;0.0;1532.33
314;6973.67;1525.71;-950633.0;-263.661;6.7149;65.3851;2;78.71;23.485;-2499.54;0.0;1525.71
315;6943.37;1519.08;-953663.0;-264.501;6.79452;65.3055;2;78.96;23.4854;-2499.54;0.0;1519.08
316;6913.08;1512.45;-956692.0;-265.341;6.87657;65.2234;2;79.21;23.4866;-2499.54;0.0;1512.45
317;6883.16;1505.91;-959684.0;-266.171;6.95986;65.1401;2;79.46;23.4873;-2499.55;0.0;1505.91
318;6852.87;1499.28;-962713.0;-267.011;7.0451;65.0549;2;79.71;23.4862;-2499.54;0.0;1499.28
319;6822.95;1492.73;-965705.0;-267.841;7.13236;64.9676;2;79.96;23.4866;-2499.55;0.0;1492.73
320;6792.65;1486.1;-968735.0;-268.682;7.22128;64.8787;2;80.21;23.4877;-2499.55;0.0;1486.1
321;6762.36;1479.48;-971764.0;-269.522;7.31193;64.7881;2;80.46;23.4869;-2499.54;0.0;1479.48
322;6732.06;1472.85;-974794.0;-270.362;7.40427;64.6957;2;80.71;23.49;-2499.55;0.0;1472.85
323;6702.14;1466.3;-977786.0;-271.192;7.49859;64.6014;2;80.96;23.4888;-2499.55;0.0;1466.3
324;6671.85;1459.67;-980815.0;-272.032;7.59427;64.5057;2;81.21;23.49;-2499.55;0.0;1459.67
325;6641.56;1453.05;-983844.0;-272.872;7.69214;64.4079;2;81.46;23.4896;-2499.56;0.0;1453.05
326;6611.26;1446.42;-986874.0;-273.712;7.79159;64.3084;2;81.71;23.4911;-2499.57;0.0;1446.42
327;6580.97;1439.79;-989903.0;-274.553;7.89324;64.2068;2;81.96;23.4881;-2499.57;0.0;1439.79
328;6550.67;1433.16;-992933.0;-275.393;7.99775;64.1022;2;82.21;23.4885;-2499.57;0.0;1433.16
329;6520.75;1426.62;-995925.0;-276.223;8.10391;63.9961;2;82.46;23.4885;-2499.56;0.0;1426.62
330;6491.58;1420.24;-998842.0;-277.032;8.21235;63.8876;2;82.71;23.4904;-2499.55;0.0;1420.24
331;6461.29;1413.61;-1.00187e+06;-277.872;8.32291;63.7771;2;82.95;23.493;-2499.55;0.0;1413.61
332;6430.99;1406.98;-1.0049e+06;-278.712;8.43615;63.6638;2;83.2;23.4938;-2499.55;0.0;1406.98
333;6400.7;1400.35;-1.00793e+06;-279.552;8.55117;63.5488;2;83.45;23.4942;-2499.55;0.0;1400.35
334;6370.78;1393.81;-1.01092e+06;-280.382;8.66876;63.4312;2;83.7;23.4949;-2499.55;0.0;1393.81
335;6340.49;1387.18;-1.01395e+06;-281.223;8.78892;63.3111;2;83.95;23.4934;-2499.56;0.0;1387.18
336;6310.19;1380.55;-1.01698e+06;-282.063;8.91018;63.1898;2;84.2;23.4946;-2499.55;0.0;1380.55
337;6279.9;1373.92;-1.02001e+06;-282.903;9.03377;63.0662;2;84.45;23.4946;-2499.56;0.0;1373.92
338;6249.6;1367.3;-1.02304e+06;-283.743;9.15894;62.9411;2;84.7;23.4953;-2499.55;0.0;1367.3
339;6219.31;1360.67;-1.02607e+06;-284.583;9.28626;62.8137;2;84.95;23.4961;-2499.55;0.0;1360.67
340;6189.39;1354.12;-1.02906e+06;-285.413;9.41549;62.6845;2;85.2;23.4946;-2499.56;0.0;1354.12
341;6159.1;1347.49;-1.03209e+06;-286.253;9.54805;62.5519;2;85.45;23.4949;-2499.56;0.0;1347.49
342;6128.8;1340.87;-1.03512e+06;-287.094;9.68288;62.4171;2;85.7;23.4949;-2499.56;0.0;1340.87
343;6098.51;1334.24;-1.03815e+06;-287.934;9.81997;62.28;2;85.95;23.4942;-2499.56;0.0;1334.24
344;6068.59;1327.69;-1.04114e+06;-288.764;9.95994;62.1401;2;86.2;23.4949;-2499.56;0.0;1327.69
345;6038.29;1321.06;-1.04417e+06;-289.604;10.1017;61.9983;2;86.45;23.4949;-2499.56;0.0;1321.06
346;6008.37;1314.52;-1.04716e+06;-290.434;10.2459;61.8541;2;86.7;23.4953;-2499.57;0.0;1314.52
347;5979.2;1308.14;-1.05008e+06;-291.243;10.3924;61.7076;2;86.94;23.4965;-2499.58;0.0;1308.14
348;5947.79;1301.26;-1.05322e+06;-292.114;10.5412;61.5588;2;87.2;23.4995;-2499.58;0.0;1301.26
349;5917.49;1294.64;-1.05625e+06;-292.954;10.691;61.409;2;87.45;23.4999;-2499.58;0.0;1294.64
350;5887.57;1288.09;-1.05924e+06;-293.784;10.843;61.257;2;87.7;23.5003;-2499.58;0.0;1288.09
351;5857.28;1281.46;-1.06227e+06;-294.624;10.9959;61.1041;2;87.95;23.5003;-2499.59;0.0;1281.46
352;5827.36;1274.92;-1.06526e+06;-295.454;11.1494;60.9506;2;88.2;23.4999;-2499.59;0.0;1274.92
353;5797.06;1268.29;-1.06829e+06;-296.294;11.3046;60.7954;2;88.45;23.5007;-2499.6;0.0;1268.29
354;5766.77;1261.66;-1.07132e+06;-297.135;11.4615;60.6385;2;88.7;23.5007;-2499.6;0.0;1261.66
355;5736.48;1255.03;-1.07435e+06;-297.975;11.6192;60.4808;2;88.95;23.4987;-2499.6;0.0;1255.03
356;5707.68;1248.73;-1.07723e+06;-298.774;11.7779;60.3221;2;89.19;23.4995;-2499.6;0.0;1248.73
357;5677.38;1242.1;-1.08026e+06;-299.614;11.9384;60.1616;2;89.44;23.501;-2499.59;0.0;1242.1
358;5647.46;1235.56;-1.08325e+06;-300.444;12.0991;60.0009;2;89.69;23.5029;-2499.59;0.0;1235.56
359;5617.17;1228.93;-1.08628e+06;-301.284;12.26;59.84;2;89.94;23.5056;-2499.6;0.0;1228.93
360;5586.88;1222.3;-1.08931e+06;-302.124;12.4218;59.6782;2;90.19;23.5048;-2499.6;0.0;1222.3
361;5556.96;1215.76;-1.0923e+06;-302.954;12.583;59.517;2;90.44;23.5067;-2499.58;0.0;1215.76
362;5526.66;1209.13;-1.09533e+06;-303.794;12.7439;59.3561;2;90.69;23.5071;-2499.59;0.0;1209.13
363;5496.37;1202.5;-1.09836e+06;-304.634;12.9048;59.1952;2;90.94;23.5102;-2499.59;0.0;1202.5
364;5466.07;1195.87;-1.10139e+06;-305.475;13.065;59.035;2;91.19;23.5106;-2499.59;0.0;1195.87
365;5436.15;1189.33;-1.10438e+06;-306.304;13.2241;58.8759;2;91.44;23.5094;-2499.6;0.0;1189.33
366;5405.86;1182.7;-1.10741e+06;-307.145;13.3836;58.7164;2;91.69;23.5083;-2499.6;0.0;1182.7
367;5375.57;1176.07;-1.11044e+06;-307.985;13.5425;58.5574;2;91.94;23.5094;-2499.6;0.0;1176.07
368;5345.27;1169.44;-1.11347e+06;-308.825;13.7004;58.3996;2;92.19;23.5079;-2499.61;0.0;1169.44
369;5314.98;1162.82;-1.1165e+06;-309.665;13.8585;58.2415;2;92.44;23.509;-2499.62;0.0;1162.82
370;5284.68;1156.19;-1.11953e+06;-310.505;14.0157;58.0843;2;92.69;23.5079;-2499.62;0.0;1156.19
371;5254.76;1149.64;-1.12252e+06;-311.335;14.1711;57.9289;2;92.94;23.5071;-2499.63;0.0;1149.64
372;5224.47;1143.02;-1.12555e+06;-312.176;14.3254;57.7746;2;93.19;23.509;-2499.64;0.0;1143.02
373;5194.18;1136.39;-1.12858e+06;-313.016;14.4787;57.6213;2;93.44;23.5087;-2499.63;0.0;1136.39
374;5163.88;1129.76;-1.13161e+06;-313.856;14.6295;57.4705;2;93.69;23.5098;-2499.64;0.0;1129.76
375;5133.59;1123.13;-1.13464e+06;-314.696;14.7782;57.3218;2;93.94;23.5109;-2499.63;0.0;1123.13
376;5103.29;1116.5;-1.13767e+06;-315.536;14.926;57.174;2;94.19;23.5102;-2499.63;0.0;1116.5
377;5073.37;1109.96;-1.14066e+06;-316.366;15.0718;57.0281;2;94.44;23.5117;-2499.63;0.0;1109.96
378;5043.08;1103.33;-1.14369e+06;-317.206;15.2158;56.8842;2;94.69;23.5144;-2499.64;0.0;1103.33
379;5012.79;1096.7;-1.14672e+06;-318.047;15.3586;56.7414;2;94.94;23.5128;-2499.64;0.0;1096.7
380;4982.49;1090.08;-1.14975e+06;-318.887;15.4995;56.6005;2;95.19;23.514;-2499.65;0.0;1090.08
381;4952.2;1083.45;-1.15278e+06;-319.727;15.6386;56.4614;2;95.44;23.5151;-2499.65;0.0;1083.45
382;4923.4;1077.15;-1.15566e+06;-320.526;15.7765;56.3235;2;95.68;23.5148;-2499.65;0.0;1077.15
383;4893.11;1070.52;-1.15869e+06;-321.366;15.9122;56.1878;2;95.93;23.5155;-2499.65;0.0;1070.52
384;4863.19;1063.97;-1.16168e+06;-322.196;16.0458;56.0542;2;96.18;23.5167;-2499.65;0.0;1063.97
385;4832.89;1057.35;-1.16471e+06;-323.036;16.1776;55.9224;2;96.43;23.5163;-2499.64;0.0;1057.35
386;4802.6;1050.72;-1.16774e+06;-323.876;16.3072;55.7928;2;96.68;23.5163;-2499.64;0.0;1050.72
387;4772.68;1044.17;-1.17073e+06;-324.706;16.4345;55.6655;2;96.93;23.5167;-2499.65;0.0;1044.17
388;4742.38;1037.54;-1.17376e+06;-325.546;16.5604;55.5396;2;97.18;23.5178;-2499.65;0.0;1037.54
389;4712.09;1030.92;-1.17679e+06;-326.387;16.6844;55.4156;2;97.43;23.5185;-2499.65;0.0;1030.92
390;4682.17;1024.37;-1.17978e+06;-327.216;16.8065;55.2935;2;97.68;23.5201;-2499.65;0.0;1024.37
391;4651.88;1017.74;-1.18281e+06;-328.057;16.9274;55.1726;2;97.93;23.5205;-2499.65;0.0;1017.74
392;4621.58;1011.11;-1.18584e+06;-328.897;17.0477;55.0523;2;98.18;23.5212;-2499.65;0.0;1011.11
393;4591.66;1004.57;-1.18883e+06;-329.727;17.1665;54.9335;2;98.43;23.5205;-2499.65;0.0;1004.57
394;4561.37;997.941;-1.19186e+06;-330.567;17.2839;54.8161;2;98.68;23.5201;-2499.65;0.0;997.941
395;4531.07;991.314;-1.19489e+06;-331.407;17.4009;54.6991;2;98.93;23.5189;-2499.65;0.0;991.314
396;4500.78;984.686;-1.19792e+06;-332.247;17.5166;54.5834;2;99.18;23.5205;-2499.66;0.0;984.686
397;4470.86;978.14;-1.20091e+06;-333.077;17.6308;54.4692;2;99.43;23.5205;-2499.65;0.0;978.14
398;4440.57;971.512;-1.20394e+06;-333.917;17.7439;54.3561;2;99.68;23.5201;-2499.65;0.0;971.512
399;4410.65;964.966;-1.20694e+06;-334.747;17.8562;54.2438;2;99.93;23.5216;-2499.66;0.0;964.966
400;4380.35;958.338;-1.20996e+06;-335.587;17.967;54.133;2;100.18;23.5228;-2499.67;0.0;958.338
401;4350.06;951.711;-1.21299e+06;-336.428;18.0771;54.0229;2;100.43;23.5239;-2499.66;0.0;951.711
402;4319.76;945.083;-1.21602e+06;-337.268;18.1866;53.9134;2;100.68;23.5239;-2499.66;0.0;945.083
403;4289.84;938.537;-1.21902e+06;-338.098;18.2957;53.8043;2;100.93;23.5262;-2499.66;0.0;938.537
404;4259.55;931.909;-1.22205e+06;-338.938;18.4048;53.6952;2;101.18;23.5239;-2499.66;0.0;931.909
405;4230.75;925.609;-1.22492e+06;-339.737;18.5139;53.5861;2;101.42;23.5224;-2499.66;0.0;925.609
406;4200.46;918.981;-1.22795e+06;-340.577;18.623;53.477;2;101.67;23.5228;-2499.66;0.0;918.981
407;4170.54;912.435;-1.23095e+06;-341.407;18.7323;53.3677;2;101.92;23.5209;-2499.66;0.0;912.435
408;4140.24;905.807;-1.23398e+06;-342.247;18.8417;53.2583;2;102.17;23.5216;-2499.67;0.0;905.807
409;4109.95;899.18;-1.23701e+06;-343.087;18.9507;53.1493;2;102.42;23.5243;-2499.67;0.0;899.18
410;4079.66;892.552;-1.24003e+06;-343.927;19.0601;53.0399;2;102.67;23.5254;-2499.67;0.0;892.552
411;4049.36;885.924;-1.24306e+06;-344.768;19.1696;52.9304;2;102.92;23.5273;-2499.67;0.0;885.924
412;4019.07;879.296;-1.24609e+06;-345.608;19.2784;52.8216;2;103.17;23.5285;-2499.67;0.0;879.296
413;3989.15;872.75;-1.24909e+06;-346.438;19.3871;52.7129;2;103.42;23.5262;-2499.67;0.0;872.75
414;3958.85;866.123;-1.25211e+06;-347.278;19.4959;52.6041;2;103.67;23.5254;-2499.67;0.0;866.122
415;3928.56;859.495;-1.25514e+06;-348.118;19.6048;52.4952;2;103.92;23.5277;-2499.68;0.0;859.495
416;3898.27;852.867;-1.25817e+06;-348.958;19.7138;52.3862;2;104.17;23.5285;-2499.68;0.0;852.867
417;3867.97;846.239;-1.2612e+06;-349.798;19.8242;52.2758;2;104.42;23.5273;-2499.68;0.0;846.239
418;3837.68;839.612;-1.26423e+06;-350.639;19.9361;52.1639;2;104.67;23.5273;-2499.68;0.0;839.612
419;3807.38;832.984;-1.26726e+06;-351.479;20.0485;52.0515;2;104.92;23.5273;-2499.68;0.0;832.984
420;3777.46;826.438;-1.27025e+06;-352.309;20.1627;51.9373;2;105.17;23.5269;-2499.69;0.0;826.438
421;3747.17;819.81;-1.27328e+06;-353.149;20.2785;51.8215;2;105.42;23.5258;-2499.69;0.0;819.81
422;3716.88;813.182;-1.27631e+06;-353.989;20.3953;51.7047;2;105.67;23.5269;-2499.69;0.0;813.182
423;3686.58;806.555;-1.27934e+06;-354.829;20.5135;51.5865;2;105.92;23.5292;-2499.7;0.0;806.555
424;3656.29;799.927;-1.28237e+06;-355.67;20.6329;51.4671;2;106.17;23.5296;-2499.7;0.0;799.927
425;3625.99;793.299;-1.2854e+06;-356.51;20.7534;51.3466;2;106.42;23.5307;-2499.71;0.0;793.299
426;3596.07;786.753;-1.28839e+06;-357.34;20.8754;51.2246;2;106.67;23.5296;-2499.71;0.0;786.753
427;3565.78;780.125;-1.29142e+06;-358.18;20.9993;51.1007;2;106.92;23.5311;-2499.7;0.0;780.125
428;3536.98;773.825;-1.2943e+06;-358.979;21.1246;50.9753;2;107.17;23.53;-2499.7;0.0;773.825
429;3506.69;767.197;-1.29733e+06;-359.819;21.2519;50.8481;2;107.41;23.53;-2499.7;0.0;767.197
430;3476.39;760.569;-1.30036e+06;-360.659;21.3828;50.7172;2;107.66;23.53;-2499.71;0.0;760.569
431;3446.47;754.024;-1.30335e+06;-361.489;21.5164;50.5836;2;107.91;23.5285;-2499.71;0.0;754.024
432;3416.18;747.396;-1.30638e+06;-362.329;21.653;50.447;2;108.16;23.5273;-2499.71;0.0;747.396
433;3385.89;740.768;-1.30941e+06;-363.169;21.7941;50.3059;2;108.41;23.5273;-2499.71;0.0;740.768
434;3355.97;734.222;-1.3124e+06;-363.999;21.9384;50.1616;2;108.66;23.5281;-2499.72;0.0;734.222
435;3325.67;727.594;-1.31543e+06;-364.839;22.086;50.014;2;108.91;23.5304;-2499.72;0.0;727.594
436;3295.38;720.967;-1.31846e+06;-365.679;22.2381;49.8619;2;109.16;23.5311;-2499.72;0.0;720.967
437;3265.46;714.421;-1.32145e+06;-366.509;22.394;49.706;2;109.41;23.5311;-2499.72;0.0;714.421
438;3235.16;707.793;-1.32448e+06;-367.35;22.5531;49.5469;2;109.66;23.5304;-2499.72;0.0;707.793
439;3204.87;701.165;-1.32751e+06;-368.19;22.7167;49.3833;2;109.91;23.5292;-2499.72;0.0;701.165
440;3174.95;694.619;-1.33051e+06;-369.02;22.8845;49.2155;2;110.16;23.5307;-2499.73;0.0;694.619
441;3144.66;687.991;-1.33353e+06;-369.86;23.0562;49.0438;2;110.41;23.53;-2499.73;0.0;687.991
442;3114.36;681.364;-1.33656e+06;-370.7;23.2333;48.8667;2;110.66;23.5296;-2499.73;0.0;681.364
443;3084.44;674.818;-1.33956e+06;-371.53;23.4163;48.6837;2;110.91;23.5296;-2499.73;0.0;674.818
444;3054.15;668.19;-1.34259e+06;-372.37;23.6053;48.4947;2;111.16;23.5288;-2499.73;0.0;668.19
445;3023.85;661.562;-1.34561e+06;-373.21;23.8023;48.2977;2;111.41;23.53;-2499.74;0.0;661.562
446;2993.56;654.934;-1.34864e+06;-374.051;24.008;48.092;2;111.66;23.5327;-2499.74;0.0;654.934
447;2963.27;648.307;-1.35167e+06;-374.891;24.2214;47.8786;2;111.91;23.5319;-2499.74;0.0;648.307
448;2932.97;641.679;-1.3547e+06;-375.731;24.4437;47.6563;2;112.16;23.5319;-2499.75;0.0;641.679
449;2903.05;635.133;-1.35769e+06;-376.561;24.6758;47.4242;2;112.41;23.5334;-2499.74;0.0;635.133
450;2872.76;628.505;-1.36072e+06;-377.401;24.9163;47.1837;2;112.66;23.5346;-2499.75;0.0;628.505
451;2842.46;621.878;-1.36375e+06;-378.241;25.1661;46.9339;2;112.91;23.5342;-2499.75;0.0;621.878
452;2813.29;615.495;-1.36667e+06;-379.05;25.4267;46.6733;2;113.15;23.5334;-2499.75;0.0;615.495
453;2783.0;608.867;-1.3697e+06;-379.891;25.6975;46.4025;2;113.4;23.5338;-2499.75;0.0;608.867
454;2753.08;602.322;-1.37269e+06;-380.72;25.979;46.121;2;113.65;23.5357;-2499.76;0.0;602.322
455;2722.78;595.694;-1.37572e+06;-381.561;26.2737;45.8263;2;113.9;23.5365;-2499.76;0.0;595.694
456;2692.49;589.066;-1.37875e+06;-382.401;26.5813;45.5187;2;114.15;23.5376;-2499.76;0.0;589.066
457;2662.2;582.438;-1.38178e+06;-383.241;26.9012;45.1988;2;114.4;23.5388;-2499.76;0.0;582.438
458;2631.9;575.81;-1.38481e+06;-384.081;27.237;44.863;2;114.65;23.5384;-2499.77;0.0;575.81
459;2601.61;569.183;-1.38784e+06;-384.921;27.5903;44.5097;2;114.9;23.5376;-2499.77;0.0;569.183
460;2571.69;562.637;-1.39083e+06;-385.751;27.9602;44.1398;2;115.15;23.5372;-2499.78;0.0;562.637
461;2541.39;556.009;-1.39386e+06;-386.591;28.3488;43.7512;2;115.4;23.5399;-2499.78;0.0;556.009
462;2511.1;549.381;-1.39689e+06;-387.432;28.7554;43.3446;2;115.65;23.5399;-2499.79;0.0;549.381
463;2480.81;542.753;-1.39992e+06;-388.272;29.1784;42.9216;2;115.9;23.5403;-2499.8;0.0;542.753
464;2450.89;536.208;-1.40291e+06;-389.102;29.6188;42.4812;2;116.15;23.5418;-2499.8;0.0;536.208
465;2420.59;529.58;-1.40594e+06;-389.942;30.0765;42.0235;2;116.4;23.5418;-2499.81;0.0;529.58
466;2390.3;522.952;-1.40897e+06;-390.782;30.5498;41.5502;2;116.65;23.5429;-2499.82;0.0;522.952
467;2360.0;516.324;-1.412e+06;-391.622;31.0395;41.0605;2;116.9;23.5445;-2499.82;0.0;516.324
468;2330.08;509.778;-1.41499e+06;-392.452;31.5465;40.5535;2;117.15;23.5429;-2499.83;0.0;509.778
469;2299.79;503.151;-1.41802e+06;-393.292;32.0647;40.0353;2;117.4;23.5433;-2499.83;0.0;503.151
470;2269.5;496.523;-1.42105e+06;-394.133;32.5875;39.5125;2;117.65;23.5437;-2499.84;0.0;496.523
471;2239.2;489.895;-1.42408e+06;-394.973;33.1088;38.9912;2;117.9;23.5437;-2499.85;0.0;489.895
472;2209.28;483.349;-1.42707e+06;-395.803;33.6185;38.4815;2;118.15;23.5464;-2499.86;0.0;483.349
473;2178.99;476.721;-1.4301e+06;-396.643;34.1131;37.9869;2;118.4;23.5471;-2499.86;0.0;476.721
474;2148.69;470.094;-1.43313e+06;-397.483;34.5915;37.5085;2;118.65;23.5464;-2499.86;0.0;470.094
475;2119.9;463.793;-1.43601e+06;-398.282;35.0513;37.0487;2;118.9;23.5448;-2499.88;0.0;463.793
476;2089.6;457.165;-1.43904e+06;-399.122;35.4913;36.6087;2;119.14;23.5448;-2499.88;0.0;457.165
477;2059.31;450.538;-1.44207e+06;-399.962;35.9135;36.1865;2;119.39;23.5445;-2499.89;0.0;450.538
478;2029.01;443.91;-1.4451e+06;-400.802;36.3168;35.7832;2;119.64;23.5445;-2499.9;0.0;443.91
479;1999.09;437.364;-1.44809e+06;-401.632;36.7022;35.3978;2;119.89;23.5448;-2499.91;0.0;437.364
480;1968.8;430.736;-1.45112e+06;-402.473;37.0708;35.0292;2;120.14;23.5448;-2499.91;0.0;430.736
481;1938.88;424.19;-1.45411e+06;-403.302;37.4226;34.6774;2;120.39;23.5445;-2499.91;0.0;424.19
482;1908.59;417.563;-1.45714e+06;-404.143;37.76;34.34;2;120.64;23.5464;-2499.92;0.0;417.563
483;1878.29;410.935;-1.46017e+06;-404.983;38.084;34.016;2;120.89;23.5464;-2499.93;0.0;410.935
484;1848.0;404.307;-1.4632e+06;-405.823;38.3952;33.7048;2;121.14;23.546;-2499.92;0.0;404.307
485;1818.08;397.761;-1.46619e+06;-406.653;38.6956;33.4044;2;121.39;23.5448;-2499.93;0.0;397.761
486;1787.78;391.134;-1.46922e+06;-407.493;38.9879;33.1121;2;121.64;23.5471;-2499.93;0.0;391.134
487;1757.86;384.587;-1.47221e+06;-408.323;39.2716;32.8284;2;121.89;23.5468;-2499.93;0.0;384.587
488;1727.57;377.96;-1.47524e+06;-409.163;39.5465;32.5535;2;122.14;23.5483;-2499.94;0.0;377.96
489;1697.28;371.332;-1.47827e+06;-410.003;39.816;32.284;2;122.39;23.546;-2499.94;0.0;371.332
490;1666.98;364.704;-1.4813e+06;-410.844;40.0807;32.0193;2;122.64;23.5448;-2499.95;0.0;364.704
491;1637.06;358.158;-1.48429e+06;-411.673;40.3399;31.7601;2;122.89;23.5456;-2499.96;0.0;358.158
492;1606.77;351.53;-1.48732e+06;-412.514;40.595;31.505;2;123.14;23.5475;-2499.96;0.0;351.53
493;1600.04;350.058;-1.488e+06;-412.7;40.8487;31.2513;2;123.19;23.5479;-2499.96;0.0;350.058
494;1600.04;350.058;-1.488e+06;-412.7;41.0878;31.0122;2;123.19;23.5471;-2499.97;0.0;350.058
495;1600.04;350.058;-1.488e+06;-412.7;41.298;30.802;2;123.19;23.5479;-2499.97;0.0;350.058
496;1600.04;350.058;-1.488e+06;-412.7;41.4833;30.6166;2;123.19;23.5475;-2499.97;0.0;350.058
497;1600.04;350.058;-1.488e+06;-412.7;41.648;30.452;2;123.19;23.5479;-2499.98;0.0;350.058
498;1600.04;350.058;-1.488e+06;-412.7;41.7944;30.3056;2;123.19;23.5502;-2499.98;0.0;350.058
499;1600.04;350.058;-1.488e+06;-412.7;41.9256;30.1744;2;123.19;23.5502;-2499.98;0.0;350.058
500;1600.04;350.058;-1.488e+06;-412.7;42.0428;30.0572;2;123.19;23.5502;-2499.97;0.0;350.058
501;1600.04;350.058;-1.488e+06;-412.7;42.1478;29.9522;2;123.19;23.5517;-2499.97;0.0;350.058
502;1600.04;350.058;-1.488e+06;-412.7;42.2415;29.8585;2;123.19;23.5506;-2499.97;0.0;350.058
503;1600.04;350.058;-1.488e+06;-412.7;42.3256;29.7744;2;123.19;23.5498;-2499.97;0.0;350.058
504;1600.04;350.058;-1.488e+06;-412.7;42.401;29.699;2;123.19;23.5502;-2499.97;0.0;350.058
505;1600.04;350.058;-1.488e+06;-412.7;42.4682;29.6318;2;123.19;23.5506;-2499.97;0.0;350.058
506;1600.04;350.058;-1.488e+06;-412.7;42.5285;29.5715;2;123.19;23.5502;-2499.98;0.0;350.058
507;1600.04;350.058;-1.488e+06;-412.7;42.5828;29.5172;2;123.19;23.5502;-2499.98;0.0;350.058
508;1600.04;350.058;-1.488e+06;-412.7;42.6312;29.4688;2;123.19;23.5506;-2499.98;0.0;350.058
